PC No.,PC Name,AC No.,AC Name,Winner Candidate,Party,Year
1,Nandurbar,1,Akkalkuwa,Adv. Gowaal Kagada Padavi,INC,2024
1,Nandurbar,2,Shahada,Adv. Gowaal Kagada Padavi,INC,2024
1,Nandurbar,3,Nandurbar,Dr.Heena Vijaykumar Gavit,BJP,2024
1,Nandurbar,4,Nawapur,Adv. Gowaal Kagada Padavi,INC,2024
1,Nandurbar,5,Sakri,Adv. Gowaal Kagada Padavi,INC,2024
2,Dhule,6,Dhule Rural Final,Bhamre Subhash Ramrao,BJP,2024
2,Dhule,7,Dhule Ccity,Bhamre Subhash Ramrao,BJP,2024
2,Dhule,8,Sindhkheda,Bhamre Subhash Ramrao,BJP,2024
1,Nandurbar,9,Shirpur,Dr.Heena Vijaykumar Gavit,BJP,2024
4,Raver,10,Chopda,Khadse Raksha Nikhil,BJP,2024
4,Raver,11,Raver,Khadse Raksha Nikhil,BJP,2024
4,Raver,12,Bhusawal,Khadse Raksha Nikhil,BJP,2024
3,Jalgaon,13,Jalgaon City,Smita Uday Wagh,BJP,2024
3,Jalgaon,14,Jalgaon Rural,Smita Uday Wagh,BJP,2024
3,Jalgaon,15,Amalner,Smita Uday Wagh,BJP,2024
3,Jalgaon,16,Erandol,Smita Uday Wagh,BJP,2024
3,Jalgaon,17,Chalisgaon,Smita Uday Wagh,BJP,2024
3,Jalgaon,18,Pachora,Smita Uday Wagh,BJP,2024
4,Raver,19,Jamner,Khadse Raksha Nikhil,BJP,2024
4,Raver,20,Muktainagar,Khadse Raksha Nikhil,BJP,2024
4,Raver,21,Malkapur,Khadse Raksha Nikhil,BJP,2024
5,Buldhana,22,Buldhana,Narendra Dagdu Khedekar,SHS (UB),2024
5,Buldhana,23,Chikhil,Narendra Dagdu Khedekar,SHS (UB),2024
5,Buldhana,24,Sindhkhed-Raja,Ravikant Chandradas Tupkar,IND,2024
5,Buldhana,25,Mekhar(SC),Jadhav Prataprao Ganpatrao,SHS ,2024
5,Buldhana,26,Khamgaon,Jadhav Prataprao Ganpatrao,SHS ,2024
5,Buldhana,27,Jalgaon(Jamod),Jadhav Prataprao Ganpatrao,SHS ,2024
6,Akola,28,Akot,Anup Sanjay Dhotre,BJP,2024
6,Akola,29,Balapur,Abhay Kashinath Patil,INC,2024
6,Akola,30,Akola West,Abhay Kashinath Patil,INC,2024
6,Akola,31,Akola East,Anup Sanjay Dhotre,BJP,2024
6,Akola,32,Murtizapur,Anup Sanjay Dhotre,BJP,2024
6,Akola,33,Risod,Anup Sanjay Dhotre,BJP,2024
14,Yavatmal-Washim,34,Washim,Sanjay Uttamrao Deshmukh,SHS (UB),2024
14,Yavatmal-Washim,35,Karanja,Sanjay Uttamrao Deshmukh,SHS (UB),2024
8,Wardha,36,Dhamangaon Railway,Amar Sharadrao Kale,NCP (SP),2024
7,Amravati,37,Badnera,Navneet Ravi Rana,BJP,2024
7,Amravati,38,Amravati,Balwant Baswant Wankhade,INC,2024
7,Amravati,39,Tiosa,Balwant Baswant Wankhade,INC,2024
7,Amravati,40,Daryapur,Balwant Baswant Wankhade,INC,2024
7,Amravati,41,Melghat,Navneet Ravi Rana,BJP,2024
7,Amravati,42,Achalpur,Balwant Baswant Wankhade,INC,2024
8,Wardha,43,Morshi,Ramdas Chandrabhan Tadas,BJP,2024
8,Wardha,44,Arvi,Amar Sharadrao Kale,NCP (SP),2024
8,Wardha,45,Deoli,Amar Sharadrao Kale,NCP (SP),2024
8,Wardha,46,Hinganghat,Amar Sharadrao Kale,NCP (SP),2024
8,Wardha,47,Wardha,Amar Sharadrao Kale,NCP (SP),2024
9,Ramtek(SC),48,Katol,Shyamkumar (Babalu) Daulat Barve,INC,2024
9,Ramtek(SC),49,Savner,Shyamkumar (Babalu) Daulat Barve,INC,2024
9,Ramtek(SC),50,Hingna,Shyamkumar (Babalu) Daulat Barve,INC,2024
9,Ramtek(SC),51,Umred,Shyamkumar (Babalu) Daulat Barve,INC,2024
10,Nagpur,52,Nagpur South West,Nitin Jairam Gadkari,BJP,2024
10,Nagpur,53,Nagpur South ,Nitin Jairam Gadkari,BJP,2024
10,Nagpur,54,Nagpur East,Nitin Jairam Gadkari,BJP,2024
10,Nagpur,55,Nagpur Central,Nitin Jairam Gadkari,BJP,2024
10,Nagpur,56,Nagpur West,Nitin Jairam Gadkari,BJP,2024
10,Nagpur,57,Nagpur North,Vikas Thakre,INC,2024
9,Ramtek(SC),58,Kamthi,Shyamkumar (Babalu) Daulat Barve,INC,2024
9,Ramtek(SC),59,Ramtek,Shyamkumar (Babalu) Daulat Barve,INC,2024
11,Bhandara-Gondiya,60,Tumsar,Dr. Prashant Yadaorao Padole,INC,2024
11,Bhandara-Gondiya,61,Bhandara,Dr. Prashant Yadaorao Padole,INC,2024
11,Bhandara-Gondiya,62,Sakoli,Dr. Prashant Yadaorao Padole,INC,2024
11,Bhandara-Gondiya,63,Arjuni-Morgaon,Dr. Prashant Yadaorao Padole,INC,2024
11,Bhandara-Gondiya,64,Tiroda,Sunil Baburao Mendhe,BJP,2024
11,Bhandara-Gondiya,65,Gondiya,Sunil Baburao Mendhe,BJP,2024
12,Gadchiroli-Chimur (ST),66,Amgaon,Dr. Kirsan Namdeo,INC,2024
12,Gadchiroli-Chimur (ST),67,Armori,Dr. Kirsan Namdeo,INC,2024
12,Gadchiroli-Chimur (ST),68,Gadchiroli,Dr. Kirsan Namdeo,INC,2024
12,Gadchiroli-Chimur (ST),69,Aheri,Dr. Kirsan Namdeo,INC,2024
13,Chandrapur,70,Rajura,Dhanorkar Pratibha Suresh Alias Balubhau,INC,2024
13,Chandrapur,71,Chandrapur,Dhanorkar Pratibha Suresh Alias Balubhau,INC,2024
13,Chandrapur,72,Ballarpur,Dhanorkar Pratibha Suresh Alias Balubhau,INC,2024
12,Gadchiroli-Chimur (ST),73,Brahmapuri,Dr. Kirsan Namdeo,INC,2024
12,Gadchiroli-Chimur (ST),74,Chimur,Dr. Kirsan Namdeo,INC,2024
13,Chandrapur,75,Warora,Dhanorkar Pratibha Suresh Alias Balubhau,INC,2024
13,Chandrapur,76,Wani,Dhanorkar Pratibha Suresh Alias Balubhau,INC,2024
14,Yavatmal-Washim,77,Ralegaon,Sanjay Uttamrao Deshmukh,SHS (UB),2024
14,Yavatmal-Washim,78,Yavatmal,Sanjay Uttamrao Deshmukh,SHS (UB),2024
14,Yavatmal-Washim,79,Digras,Sanjay Uttamrao Deshmukh,SHS (UB),2024
13,Chandrapur,80,Arni,Dhanorkar Pratibha Suresh Alias Balubhau,INC,2024
14,Yavatmal-Washim,81,Pusad,Rajshritai Hemant Patil (MAHALLE),SHS,2024
16,Nanded,91,Mukhed,Chikhalikar Prataprao Govindrao,BJP,2024
15,Hingoli,82,Umarkhed,Aashtikar Patil Nagesh Bapurao,SHS (UB),2024
15,Hingoli,83,Kinwat,Aashtikar Patil Nagesh Bapurao,SHS (UB),2024
15,Hingoli,84,Hadgaon,Aashtikar Patil Nagesh Bapurao,SHS (UB),2024
16,Nanded,85,Bhokar,Chikhalikar Prataprao Govindrao,INC,2024
16,Nanded,86,Nanded North,Chavan Vasantrao Balwantrao,INC,2024
16,Nanded,87,Nanded South,Chavan Vasantrao Balwantrao,INC,2024
41,Latur,88,Loha,DR. KALGE SHIVAJI BANDAPPA,INC,2024
16,Nanded,89,Naigaon,Chavan Vasantrao Balwantrao,INC,2024
16,Nanded,90,Deglur(SC),Chavan Vasantrao Balwantrao,INC,2024
15,Hingoli,92,Basmath,Aashtikar Patil Nagesh Bapurao,SHS (UB),2024
15,Hingoli,93,Kalmnuri,Aashtikar Patil Nagesh Bapurao,SHS (UB),2024
15,Hingoli,94,Hingoli,Aashtikar Patil Nagesh Bapurao,SHS (UB),2024
17,Parbhani,95,Jintur,Jadhav Sanjay (Bandu) Haribhau,SHS (UB),2024
17,Parbhani,96,Parbhani,Jadhav Sanjay (Bandu) Haribhau,SHS (UB),2024
17,Parbhani,97,Gangakhed,Jankar Mahadev Jagannath,RSP,2024
17,Parbhani,98,Pathri,Jadhav Sanjay (Bandu) Haribhau,SHS (UB),2024
17,Parbhani,99,Partur,Jadhav Sanjay (Bandu) Haribhau,SHS (UB),2024
17,Parbhani,100,Ghansawangi,Jadhav Sanjay (Bandu) Haribhau,SHS (UB),2024
18,Jalna,101,Jalna,KALYAN VAIJINATHRAO KALE,INC,2024
18,Jalna,102,Badnapur,KALYAN VAIJINATHRAO KALE,INC,2024
18,Jalna,103,Bhokardan,KALYAN VAIJINATHRAO KALE,INC,2024
18,Jalna,104,Sillod,KALYAN VAIJINATHRAO KALE,INC,2024
19,Aurangabad,105,Kanmad,Bhumare Sandipanrao Asaram,SHS,2024
18,Jalna,106,Phulambri,KALYAN VAIJINATHRAO KALE,INC,2024
19,Aurangabad,107,Aurangabad Central,Bhumare Sandipanrao Asaram,SHS,2024
19,Aurangabad,108,Aurangabad West,Bhumare Sandipanrao Asaram,SHS,2024
19,Aurangabad,109,Aurangabad East,Bhumare Sandipanrao Asaram,SHS,2024
18,Jalna,110,Paithan,KALYAN VAIJINATHRAO KALE,INC,2024
19,Aurangabad,111,Gangapur,Bhumare Sandipanrao Asaram,SHS,2024
19,Aurangabad,112,Vaijapur,Bhumare Sandipanrao Asaram,SHS,2024
20,Dindori,113,Nandgaon,DR. BHARATI PRAVIN PAWAR,BJP,2024
2,Dhule,114,Malegaon Central,Bachhav Shobha Dinesh,INC,2024
2,Dhule,115,Malegaon Outer,Bhamre Subhash Ramrao,BJP,2024
2,Dhule,116,Baglan,Bhamre Subhash Ramrao,BJP,2024
20,Dindori,117,Kalwan,BHASKAR MURLIDHAR BHAGARE,NCP (SP),2024
20,Dindori,118,Chandvad,DR. BHARATI PRAVIN PAWAR,BJP,2024
20,Dindori,119,Yevla,BHASKAR MURLIDHAR BHAGARE,NCP (SP),2024
21,Nashik,120,Sinnar,Rajabhau (Parag) Prakash Waje,SHS (UB),2024
20,Dindori,121,Niphad,BHASKAR MURLIDHAR BHAGARE,NCP (SP),2024
20,Dindori,122,Dindori,BHASKAR MURLIDHAR BHAGARE,NCP (SP),2024
21,Nashik,123,Nashik east,Godse Hemant Tukaram,SHS,2024
21,Nashik,124,Nashik Central,Rajabhau (Parag) Prakash Waje,SHS (UB),2024
21,Nashik,125,Nashik west,Godse Hemant Tukaram,SHS,2024
21,Nashik,126,Deolali (SC),Rajabhau (Parag) Prakash Waje,SHS (UB),2024
21,Nashik,127,Igatpuri (SC),Rajabhau (Parag) Prakash Waje,SHS (UB),2024
22,Palghar,128,Dahanu (ST),Bharti Bharat Kamdi,SHS (UB),2024
22,Palghar,129,Vikramgad (ST),Dr. Hemant Vishnu Savara,BJP,2024
22,Palghar,130,Palghar (ST),Dr. Hemant Vishnu Savara,BJP,2024
22,Palghar,131,Boisar (ST),Dr. Hemant Vishnu Savara,BJP,2024
22,Palghar,132,Nalasopara,Dr. Hemant Vishnu Savara,BJP,2024
22,Palghar,133,Vasai,Dr. Hemant Vishnu Savara,BJP,2024
23,Bhiwandi,134,Bhiwandi Rural,KAPIL MORESHWAR PATIL,BJP,2024
23,Bhiwandi,135,Shahapur,BALYA MAMA - SURESH GOPINATH MHATRE,NCP (SP),2024
23,Bhiwandi,136,Bhiwandi West,BALYA MAMA - SURESH GOPINATH MHATRE,NCP (SP),2024
23,Bhiwandi,137,Bhiwandi East,BALYA MAMA - SURESH GOPINATH MHATRE,NCP (SP),2024
23,Bhiwandi,138,Kalyan West,KAPIL MORESHWAR PATIL,BJP,2024
23,Bhiwandi,139,Murbad,KAPIL MORESHWAR PATIL,BJP,2024
24,Kalyan,140,Ambernath,DR SHRIKANT ΕΚΝΑΤΗ SHINDE,SHS,2024
24,Kalyan,141,Ulhasnagar,DR SHRIKANT ΕΚΝΑΤΗ SHINDE,SHS,2024
24,Kalyan,142,Kalyan East,DR SHRIKANT ΕΚΝΑΤΗ SHINDE,SHS,2024
24,Kalyan,143,Dombivali,DR SHRIKANT ΕΚΝΑΤΗ SHINDE,SHS,2024
24,Kalyan,144,Kalyan Rural,DR SHRIKANT ΕΚΝΑΤΗ SHINDE,SHS,2024
25,Thane,145,Mira Bhayandar,NARESH GANPAT MHASKE,SHS,2024
25,Thane,146,Ovala - Majiwada,NARESH GANPAT MHASKE,SHS,2024
25,Thane,147,Kopri-Pachpakhadi,NARESH GANPAT MHASKE,SHS,2024
25,Thane,148,Thane,NARESH GANPAT MHASKE,SHS,2024
24,Kalyan,149,Mumbra-Kalwa,Vaishali Darekar Rane,SHS (UB),2024
25,Thane,150,Airoli,NARESH GANPAT MHASKE,SHS,2024
25,Thane,151,Belapur,NARESH GANPAT MHASKE,SHS,2024
26,Mumbai North,152,Borivali,Piyush Goyal,BJP,2024
26,Mumbai North,153,Dahisar,Piyush Goyal,BJP,2024
26,Mumbai North,154,Magathane,Piyush Goyal,BJP,2024
28,Mumbai North East,155,Mulund,MIHIR CHANDRAKANT KOTECHA,BJP,2024
28,Mumbai North East,156,Vikhroli,SANJAY DINA PATIL,SHS (UB),2024
28,Mumbai North East,157,Bhandup West,SANJAY DINA PATIL,SHS (UB),2024
27,Mumbai North West,158,Jogeshwari East,AMOL GAJANAN KIRTIKAR,SHS (UB),2024
27,Mumbai North West,159,Dindoshi,AMOL GAJANAN KIRTIKAR,SHS (UB),2024
26,Mumbai North,160,Kandivali East,Piyush Goyal,BJP,2024
26,Mumbai North,161,Charkop,Piyush Goyal,BJP,2024
26,Mumbai North,162,Malad West,Bhushan Patil,INC,2024
27,Mumbai North West,163,Goregaon,RAVINDRA DATTARAME WAIKAR,SHS,2024
27,Mumbai North West,164,Versova,AMOL GAJANAN KIRTIKAR,SHS (UB),2024
27,Mumbai North West,165,Andheri West,RAVINDRA DATTARAME WAIKAR,SHS,2024
27,Mumbai North West,166,Andheri East,RAVINDRA DATTARAME WAIKAR,SHS,2024
29,Mumbai North Central,167,Vile Parle,ADV UJWAL NIKAM,BJP,2024
29,Mumbai North Central,168,Chandival,GAIKWAD VARSHA EKNATH,INC,2024
28,Mumbai North East,169,Ghatkopar West,SANJAY DINA PATIL,SHS (UB),2024
28,Mumbai North East,170,Ghatkopar East,MIHIR CHANDRAKANT KOTECHA,BJP,2024
28,Mumbai North East,171,Mankhurd Shivaji Nagar,SANJAY DINA PATIL,SHS (UB),2024
30,Mumbai South Central,172,Anushaki Nagar,ANIL YESHWANT DESAI,SHS (UB),2024
30,Mumbai South Central,173,Chembur,ANIL YESHWANT DESAI,SHS (UB),2024
29,Mumbai North Central,174,Kurla,GAIKWAD VARSHA EKNATH,INC,2024
29,Mumbai North Central,175,Kalina,GAIKWAD VARSHA EKNATH,INC,2024
29,Mumbai North Central,176,Vandre East,GAIKWAD VARSHA EKNATH,INC,2024
29,Mumbai North Central,177,Vandre West,ADV UJWAL NIKAM,BJP,2024
30,Mumbai South Central,178,Dharavi,ANIL YESHWANT DESAI,SHS (UB),2024
30,Mumbai South Central,179,Sion Koliwada,ANIL YESHWANT DESAI,SHS (UB),2024
30,Mumbai South Central,180,Wadala,RAHUL RAMESJI SHEWALE,SHS,2024
30,Mumbai South Central,181,Mahim,RAHUL RAMESJI SHEWALE,SHS,2024
31,Mumbai South,182,Worli,Arvind Ganpat Sawant,SHS (UB),2024
31,Mumbai South,183,Shivadi,Arvind Ganpat Sawant,SHS (UB),2024
31,Mumbai South,184,Byculla,Arvind Ganpat Sawant,SHS (UB),2024
31,Mumbai South,185,Malabar Hill,Yamini Yashwant Jadhav,SHS,2024
31,Mumbai South,186,Mumbadevi,Arvind Ganpat Sawant,SHS (UB),2024
31,Mumbai South,187,Colaba,Yamini Yashwant Jadhav,SHS,2024
33,Maval,188,Panvel,SHRIRANG APPA CHANDU BARNE,SHS,2024
33,Maval,189,Karjat,SANJOG BHIKU WAGHERE PATIL,SHS (UB),2024
33,Maval,190,Uran,SANJOG BHIKU WAGHERE PATIL,SHS (UB),2024
32,Raigad,191,Pen,TATKARE SUNIL DATTATREY,NCP,2024
32,Raigad,192,Alibag,TATKARE SUNIL DATTATREY,NCP,2024
32,Raigad,193,Shrivardhan,TATKARE SUNIL DATTATREY,NCP,2024
32,Raigad,194,Mahad,TATKARE SUNIL DATTATREY,NCP,2024
36,Shirur,195,Junnar,Dr. Amol Ramsing Kolhe,NCP (SP),2024
36,Shirur,196,Ambegaon,Dr. Amol Ramsing Kolhe,NCP (SP),2024
36,Shirur,197,Khed Alndi,Dr. Amol Ramsing Kolhe,NCP (SP),2024
36,Shirur,198,Shirur,Dr. Amol Ramsing Kolhe,NCP (SP),2024
35,Baramati,199,Daund,SUPRIYA SULE,NCP (SP),2024
35,Baramati,200,Indapur,SUPRIYA SULE,NCP (SP),2024
35,Baramati,201,Baramati,SUPRIYA SULE,NCP (SP),2024
35,Baramati,202,Purandar,SUPRIYA SULE,NCP (SP),2024
35,Baramati,203,Bhor,SUPRIYA SULE,NCP (SP),2024
33,Maval,204,Maval,SHRIRANG APPA CHANDU BARNE,SHS,2024
33,Maval,205,Chinchwad,SHRIRANG APPA CHANDU BARNE,SHS,2024
33,Maval,206,Pimpri (SC),SHRIRANG APPA CHANDU BARNE,SHS,2024
36,Shirur,207,Bhosari,Adhalrao Shivaji Dattatrey,NCP,2024
34,Pune,208,Vagdaon Sheri,Murlidhar Mohol,BJP,2024
34,Pune,209,Shivajinagar,Murlidhar Mohol,BJP,2024
34,Pune,210,Kothrud,Murlidhar Mohol,BJP,2024
35,Baramati,211,Khadakwasala,Sunetra Ajitdada Pawar,NCP,2024
34,Pune,212,Parvati,Murlidhar Mohol,BJP,2024
36,Shirur,213,Hadapsar,Dr. Amol Ramsing Kolhe,NCP (SP),2024
34,Pune,214,Pune Cantonment,Dhangekar Ravindra Hemraj,INC,2024
34,Pune,215,Kasbapeth,Murlidhar Mohol,BJP,2024
38,Shirdi,216,Akola,BHAUSAHEB RAJARAM WAKCHAURE,SHS (UB),2024
38,Shirdi,217,Sangamner,BHAUSAHEB RAJARAM WAKCHAURE,SHS (UB),2024
38,Shirdi,218,Shirdi,LOKHANDE SADASHIV KISAN,SHS,2024
38,Shirdi,219,Kopargaon,LOKHANDE SADASHIV KISAN,SHS,2024
38,Shirdi,220,Shrirampur,LOKHANDE SADASHIV KISAN,SHS,2024
38,Shirdi,221,Nevasa,LOKHANDE SADASHIV KISAN,SHS,2024
37,Ahmednagar,222,SHEVGAON,Dr. Sujay Radhakrishna Vikhepatil,BJP,2024
37,Ahmednagar,223,RAHURI,Dr. Sujay Radhakrishna Vikhepatil,BJP,2024
37,Ahmednagar,224,PARNER,Nilesh Dnyandev Lanke,NCP (SP),2024
37,Ahmednagar,225,AHMEDNAGAR CITY,Dr. Sujay Radhakrishna Vikhepatil,BJP,2024
37,Ahmednagar,226,SHRIGONDA,Nilesh Dnyandev Lanke,NCP (SP),2024
37,Ahmednagar,227,KARJAT JAMKHED,Nilesh Dnyandev Lanke,NCP (SP),2024
39,Beed,228,Georai,Bajrang Manohar Sonwane,NCP (SP),2024
39,Beed,229,Majalgaon,Pankaja Gopinathrao Munde,BJP,2024
39,Beed,230,Beed,Bajrang Manohar Sonwane,NCP (SP),2024
39,Beed,231,Ashti,Pankaja Gopinathrao Munde,BJP,2024
39,Beed,232,Kaij,Bajrang Manohar Sonwane,NCP (SP),2024
39,Beed,233,Parali,Pankaja Gopinathrao Munde,BJP,2024
41,Latur,234,Latur Rural,DR. KALGE SHIVAJI BANDAPPA,INC,2024
41,Latur,235,Latur City,DR. KALGE SHIVAJI BANDAPPA,INC,2024
41,Latur,236,Ahmadpur,SUDHAKAR TUKARAM SHRANGARE,BJP,2024
41,Latur,237,Udgir,SUDHAKAR TUKARAM SHRANGARE,BJP,2024
41,Latur,238,Nilanga,DR. KALGE SHIVAJI BANDAPPA,INC,2024
40,Osmanabad,239,Ausa,Omprakash Bhupalsinh,SHS (UB),2024
40,Osmanabad,240,Omerga,Omprakash Bhupalsinh,SHS (UB),2024
40,Osmanabad,241,Tuljapur,Omprakash Bhupalsinh,SHS (UB),2024
40,Osmanabad,242,Osmanabad,Omprakash Bhupalsinh,SHS (UB),2024
40,Osmanabad,243,Paranda,Omprakash Bhupalsinh,SHS (UB),2024
43,Madha,244,Karmala,Mohite-Patil Dhairyasheel Rajsinh,NCP (SP),2024
40,Osmanabad,246,Barshi,Omprakash Bhupalsinh,SHS (UB),2024
43,Madha,245,Madha,Mohite-Patil Dhairyasheel Rajsinh,NCP (SP),2024
42,Solapur,247,Mohol (SC),Praniti Sushilkumar Shinde,INC,2024
42,Solapur,248,Solapur City North,Ram Vitthal Satpute,BJP,2024
42,Solapur,249,Solapur City Central,Praniti Sushilkumar Shinde,INC,2024
42,Solapur,250,Akkalkot,Ram Vitthal Satpute,BJP,2024
42,Solapur,251,Solapur South,Praniti Sushilkumar Shinde,INC,2024
42,Solapur,252,Pandharpur,Praniti Sushilkumar Shinde,INC,2024
43,Madha,253,Sangola,Ranjeetsingh Hindurao Naik Nimbalkar,BJP,2024
43,Madha,254,Malshiras (SC),Mohite-Patil Dhairyasheel Rajsinh,NCP (SP),2024
43,Madha,255,Phaltan (SC),Ranjeetsingh Hindurao Naik Nimbalkar,BJP,2024
45,Satara,256,Wai,Shashikant Jayvantrao Shinde,NCP (SP),2024
45,Satara,257,Koregaon,Shrimant Chh. Udayanraje Pratapsinhamaharaj Bhonsle,BJP,2024
43,Madha,258,Man,Ranjeetsingh Hindurao Naik Nimbalkar,BJP,2024
45,Satara,259,Karad North,Shashikant Jayvantrao Shinde,NCP (SP),2024
45,Satara,260,Karad South,Shrimant Chh. Udayanraje Pratapsinhamaharaj Bhonsle,BJP,2024
45,Satara,261,Patan,Shashikant Jayvantrao Shinde,NCP (SP),2024
45,Satara,262,Satara,Shrimant Chh. Udayanraje Pratapsinhamaharaj Bhonsle,BJP,2024
32,Raigad,263,Dapoli,Anant Geete,SHS (UB),2024
32,Raigad,264,Guhagar,Anant Geete,SHS (UB),2024
46,Ratnagiri-Sindhudurg,265,Chiplun,Vinayak Bhaurau Raut,SHS (UB),2024
46,Ratnagiri-Sindhudurg,266,Ratnagiri,Vinayak Bhaurau Raut,SHS (UB),2024
46,Ratnagiri-Sindhudurg,267,Rajapur,Vinayak Bhaurau Raut,SHS (UB),2024
46,Ratnagiri-Sindhudurg,268,Kankavli,Narayan Tatu Rane,BJP,2024
46,Ratnagiri-Sindhudurg,269,Kudal,Narayan Tatu Rane,BJP,2024
46,Ratnagiri-Sindhudurg,270,Sawantwadi,Narayan Tatu Rane,BJP,2024
47,Kolhapur,271,Chandgad,Chhatrapati Shahu Shahaji,INC,2024
47,Kolhapur,272,Radhanagari,Chhatrapati Shahu Shahaji,INC,2024
47,Kolhapur,273,Kagal,Chhatrapati Shahu Shahaji,INC,2024
47,Kolhapur,274,Kolhapur South,Chhatrapati Shahu Shahaji,INC,2024
47,Kolhapur,275,Karvir,Chhatrapati Shahu Shahaji,INC,2024
47,Kolhapur,276,Kolhapur North,Chhatrapati Shahu Shahaji,INC,2024
48,Hatkanangle,277,Shahuwadi,SATYAJEET BABASAHEB PATIL (AABA) SARUDKAR,SHS (UB),2024
48,Hatkanangle,278,Hatkanangle,DHAIRYASHEEL SAMBHAJIRAO MANE,SHS,2024
48,Hatkanangle,279,Ichalkaranji,DHAIRYASHEEL SAMBHAJIRAO MANE,SHS,2024
48,Hatkanangle,280,Shirrol,DHAIRYASHEEL SAMBHAJIRAO MANE,SHS,2024
44,Sangli,281,Miraj,Vishal(dada) Prakashbapu,IND,2024
44,Sangli,282,Sangli,Vishal(dada) Prakashbapu,IND,2024
48,Hatkanangle,283,Islampur,SATYAJEET BABASAHEB PATIL (AABA) SARUDKAR,SHS (UB),2024
48,Hatkanangle,284,Shirala,SATYAJEET BABASAHEB PATIL (AABA) SARUDKAR,SHS (UB),2024
44,Sangli,285,Palus-Kadegaon,Vishal(dada) Prakashbapu,IND,2024
44,Sangli,286,Khanapur,Vishal(dada) Prakashbapu,IND,2024
44,Sangli,287,Tasgaon-KavatheMahankal,Vishal(dada) Prakashbapu,IND,2024
44,Sangli,288,Jath,Sanjay Patil,BJP,2024
1,Nandurbar(ST),1,Akkalkuwa(ST),Adv. K. C. Padavi,INC,2019
1,Nandurbar(ST),2,Shahada(ST),Dr. Heena Vijaykumar Gavit,BJP,2019
1,Nandurbar(ST),3,Nandurbar(ST),Dr. Heena Vijaykumar Gavit,BJP,2019
1,Nandurbar(ST),4,Nawapur(ST),Adv. K. C. Padavi,INC,2019
1,Nandurbar(ST),5,Sakri(ST),Adv. K. C. Padavi,INC,2019
2,Dhule,6,Dhule Rural,Dr. Heena Vijaykumar Gavit,BJP,2019
2,Dhule,7,Dhule City,Bhamre Subhash Ramrao,BJP,2019
2,Dhule,8,Sindhkheda,Bhamre Subhash Ramrao,BJP,2019
1,Nandurbar(ST),9,Shirpur(ST),Dr. Heena Vijaykumar Gavit,BJP,2019
4,Raver,10,Chopda (ST),Khadse Raksha Nikhil,BJP,2019
4,Raver,11,Raver,Khadse Raksha Nikhil,BJP,2019
4,Raver,12,Bhusawal(SC),Khadse Raksha Nikhil,BJP,2019
3,Jalgaon,13,Jalgaon City,Unmesh Bhaiyyasaheb Patil,BJP,2019
3,Jalgaon,14,Jalgaon Rural,Unmesh Bhaiyyasaheb Patil,BJP,2019
3,Jalgaon,15,Amalner,Unmesh Bhaiyyasaheb Patil,BJP,2019
3,Jalgaon,16,Erandol,Unmesh Bhaiyyasaheb Patil,BJP,2019
3,Jalgaon,17,Chalisgaon,Unmesh Bhaiyyasaheb Patil,BJP,2019
3,Jalgaon,18,Pachora,Unmesh Bhaiyyasaheb Patil,BJP,2019
4,Raver,19,Jamner,Khadse Raksha Nikhil,BJP,2019
4,Raver,20,Muktainagar,Khadse Raksha Nikhil,BJP,2019
4,Raver,21,Malkapur,Khadse Raksha Nikhil,BJP,2019
5,Buldhana,22,Buldhana,Jadhav Prataprao Ganpatrao,SHS,2019
5,Buldhana,23,Chikhli,Jadhav Prataprao Ganpatrao,SHS,2019
5,Buldhana,24,Sindhkheda Raja,Jadhav Prataprao Ganpatrao,SHS,2019
5,Buldhana,25,Mehkar (SC),Jadhav Prataprao Ganpatrao,SHS,2019
5,Buldhana,26,Khamgaon,Jadhav Prataprao Ganpatrao,SHS,2019
5,Buldhana,27,Jalgoan (Jamod),Jadhav Prataprao Ganpatrao,SHS,2019
6,Akola,28,Akot,Dhotre Sanjay Shamrao,BJP,2019
6,Akola,29,Balapur,Dhotre Sanjay Shamrao,BJP,2019
6,Akola,30,Akola West,Dhotre Sanjay Shamrao,BJP,2019
6,Akola,31,Akola East,Dhotre Sanjay Shamrao,BJP,2019
6,Akola,32,Murtizapur (SC),Dhotre Sanjay Shamrao,BJP,2019
6,Akola,33,Risod,Dhotre Sanjay Shamrao,BJP,2019
14,Yavatmal-Washim,34,Washim (SC),Bhavana Pundalikrao Gawali,SHS,2019
14,Yavatmal-Washim,35,Karanja,Bhavana Pundalikrao Gawali,SHS,2019
8,Wardha,36,Dhamangaon railway,Ramdas Chandrabhanji Tadas,BJP,2019
7,Amravati (SC),37,Badnera,Adsul Anandrao Vithoda,SHS,2019
7,Amravati (SC),38,Amrawati,Navnit Ravi Rana,IND,2019
7,Amravati (SC),39,Teosa,Navnit Ravi Rana,IND,2019
7,Amravati (SC),40,Daryapur (SC),Navnit Ravi Rana,IND,2019
7,Amravati (SC),41,Melghat (ST),Navnit Ravi Rana,IND,2019
7,Amravati (SC),42,Achalpur,Adsul Anandrao Vithoda,SHS,2019
8,Wardha,43,Morshi,Ramdas Chandrabhanji Tadas,BJP,2019
8,Wardha,44,Arvi,Ramdas Chandrabhanji Tadas,BJP,2019
8,Wardha,45,Deoli,Ramdas Chandrabhanji Tadas,BJP,2019
8,Wardha,46,Hinganghat,Ramdas Chandrabhanji Tadas,BJP,2019
8,Wardha,47,Wardha,Ramdas Chandrabhanji Tadas,BJP,2019
9,Ramtek (SC),48,Katol,Krupal Balaji Tumane,SHS,2019
9,Ramtek (SC),49,Savner,Krupal Balaji Tumane,SHS,2019
9,Ramtek (SC),50,Hingna,Krupal Balaji Tumane,SHS,2019
9,Ramtek (SC),51,Umred (SC),Krupal Balaji Tumane,SHS,2019
10,Nagpur,52,Nagpur South West,Nitin Jairam Gadkari,BJP,2019
10,Nagpur,53,Nagpur South,Nitin Jairam Gadkari,BJP,2019
10,Nagpur,54,Nagpur East,Nitin Jairam Gadkari,BJP,2019
10,Nagpur,55,Nagpur Cental,Nitin Jairam Gadkari,BJP,2019
10,Nagpur,56,Nagpur West,Nitin Jairam Gadkari,BJP,2019
10,Nagpur,57,Nagpur North (SC),Nana Patole,INC,2019
9,Ramtek (SC),58,Kamthi,Krupal Balaji Tumane,SHS,2019
9,Ramtek (SC),59,Ramtek,Krupal Balaji Tumane,SHS,2019
11,Bhandara-Gondiya,60,Tumsar,Sunil Baburao Mendhe,BJP,2019
11,Bhandara-Gondiya,61,Bhandara (SC),Sunil Baburao Mendhe,BJP,2019
11,Bhandara-Gondiya,62,Sakoli,Sunil Baburao Mendhe,BJP,2019
11,Bhandara-Gondiya,63,Arjuni Morgaon (SC),Sunil Baburao Mendhe,BJP,2019
11,Bhandara-Gondiya,64,Tirora,Sunil Baburao Mendhe,BJP,2019
11,Bhandara-Gondiya,65,Gondia,Sunil Baburao Mendhe,BJP,2019
12,Gadchiroli-Chimur (ST),66,Amgaon (ST),Ashok Mahadeorao Nete,BJP,2019
12,Gadchiroli-Chimur (ST),67,Armori (ST),Ashok Mahadeorao Nete,BJP,2019
12,Gadchiroli-Chimur (ST),68,Gadchiroli (ST),Ashok Mahadeorao Nete,BJP,2019
12,Gadchiroli-Chimur (ST),69,Aheri (ST),Dr. Namdeo Dalluji Usendi,INC,2019
13,Chandrapur,70,Rajura,Balubhau Alias Suresh Narayan Dhanorkar,INC,2019
13,Chandrapur,71,Chandrapur (SC),Balubhau Alias Suresh Narayan Dhanorkar,INC,2019
13,Chandrapur,72,Ballarpur,Balubhau Alias Suresh Narayan Dhanorkar,INC,2019
12,Gadchiroli-Chimur (ST),73,Bramhapuri,Ashok Mahadeorao Nete,BJP,2019
12,Gadchiroli-Chimur (ST),74,Chimur,Ashok Mahadeorao Nete,BJP,2019
13,Chandrapur,75,Warora,Balubhau Alias Suresh Narayan Dhanorkar,INC,2019
13,Chandrapur,76,Wani,Ahir Hansraj Gangaram,BJP,2019
14,Yavatmal-Washim,77,Ralegaon (ST),Bhavana Pundalikrao Gawali,SHS,2019
14,Yavatmal-Washim,78,Yavatmal,Bhavana Pundalikrao Gawali,SHS,2019
14,Yavatmal-Washim,79,Digras,Bhavana Pundalikrao Gawali,SHS,2019
13,Chandrapur,80,Arni (ST),Ahir Hansraj Gangaram,BJP,2019
14,Yavatmal-Washim,81,Pusad,Bhavana Pundalikrao Gawali,SHS,2019
15,Hingoli,82,Umarkhed (ST),Hemant Patil,SHS,2019
15,Hingoli,83,Kinwat,Hemant Patil,SHS,2019
15,Hingoli,84,Hadgaon,Hemant Patil,SHS,2019
16,Nanded,85,Bhokar,Ashok Shankarrao Chavan,INC,2019
16,Nanded,86,Nanded North,Ashok Shankarrao Chavan,INC,2019
16,Nanded,87,Nanded South,Ashok Shankarrao Chavan,INC,2019
41,Latur (SC),88,Loha ,Sudhakar Tukaram Shrangare,BJP,2019
16,Nanded,89,Naigaon,Praraprao Patil Chikhalikar,BJP,2019
16,Nanded,90,Degular (SC),Praraprao Patil Chikhalikar,BJP,2019
16,Nanded,91,Mukhed,Praraprao Patil Chikhalikar,BJP,2019
15,Hingoli,92,Basmath,Hemant Patil,SHS,2019
15,Hingoli,93,Kalamnuri,Hemant Patil,SHS,2019
15,Hingoli,94,Hingoli,Hemant Patil,SHS,2019
17,Parbhani,95,Jintur,Jadhav Sanjay (Bandu) Haribhau,SHS,2019
17,Parbhani,96,Parbhani,Rajesh Uttarmrao Vitekar,NCP,2019
17,Parbhani,97,Gangakhed,Jadhav Sanjay (Bandu) Haribhau,SHS,2019
17,Parbhani,98,Pathri,Rajesh Uttarmrao Vitekar,NCP,2019
17,Parbhani,99,Partur,Jadhav Sanjay (Bandu) Haribhau,SHS,2019
17,Parbhani,100,Gansavangi,Jadhav Sanjay (Bandu) Haribhau,SHS,2019
18,Jalna ,101,Jalna ,Danve Raosaheb Dadarao,BJP,2019
18,Jalna ,102,Badnapur (SC),Danve Raosaheb Dadarao,BJP,2019
18,Jalna ,103,Bhokardan,Danve Raosaheb Dadarao,BJP,2019
18,Jalna ,104,Sillod,Danve Raosaheb Dadarao,BJP,2019
19,Aurangabad,105,Kannad,Chandrakant Khaire,SHS,2019
18,Jalna ,106,Pholambari,Danve Raosaheb Dadarao,BJP,2019
19,Aurangabad,107,Aurangabad (Central),Imtiaz Jaleel Syed,AIMIM,2019
19,Aurangabad,108,Aurangabad (West) (SC),Chandrakant Khaire,SHS,2019
19,Aurangabad,109,Aurangabad (East),Imtiaz Jaleel Syed,AIMIM,2019
18,Jalna ,110,Paithan,Danve Raosaheb Dadarao,BJP,2019
19,Aurangabad,111,Gangapur,Chandrakant Khaire,SHS,2019
19,Aurangabad,112,Vaijapur,Chandrakant Khaire,SHS,2019
20,Dindori (ST),113,Nandgaon,Dr. Bharati Pravin Pawar,BJP,2019
2,Dhule,114,Malegaon (Central),Kunalbaba Rohidas Paatil,INC,2019
2,Dhule,115,Malegaon (Outer),Bhamre Subhash Ramrao,BJP,2019
2,Dhule,116,Baglan (ST),Bhamre Subhash Ramrao,BJP,2019
20,Dindori (ST),117,Kalwan (ST),Dr. Bharati Pravin Pawar,BJP,2019
20,Dindori (ST),118,Chandwad,Dr. Bharati Pravin Pawar,BJP,2019
20,Dindori (ST),119,Yelva,Dr. Bharati Pravin Pawar,BJP,2019
21,Nashik,120,Sinner,Adv. Kokate Manikrao Shivajirao,IND,2019
20,Dindori (ST),121,Niphad,Dr. Bharati Pravin Pawar,BJP,2019
20,Dindori (ST),122,Dindori (ST),Dhanraj Haribhau Mahale,NCP,2019
21,Nashik,123,Nashik East,Godse Hemant Tukaram,SHS,2019
21,Nashik,124,Nashik (Central),Godse Hemant Tukaram,SHS,2019
21,Nashik,125,Nashik West,Godse Hemant Tukaram,SHS,2019
21,Nashik,126,Deolali (SC),Godse Hemant Tukaram,SHS,2019
21,Nashik,127,Igatpuri (ST),Godse Hemant Tukaram,SHS,2019
22,Palghar (ST),128,Dahanu (ST),Baliram Sukur Jadhav,BVA,2019
22,Palghar (ST),129,Vekramgrth (ST),Baliram Sukur Jadhav,BVA,2019
22,Palghar (ST),130,Palghar (ST),Rajendra Dhedya Gavit,SHS,2019
22,Palghar (ST),131,Boisar (ST),Rajendra Dhedya Gavit,SHS,2019
22,Palghar (ST),132,Nalasopara,Rajendra Dhedya Gavit,SHS,2019
22,Palghar (ST),133,Vasai,Baliram Sukur Jadhav,BVA,2019
23,Bhiwandi,134,Bhiwandi rural (ST),Kapil Moreshwar Patil,BJP,2019
23,Bhiwandi,135,Shahapur (ST),Kapil Moreshwar Patil,BJP,2019
23,Bhiwandi,136,Bhiwandi West,Taware Suresh Kashinath,INC,2019
23,Bhiwandi,137,Bhiwandi East,Taware Suresh Kashinath,INC,2019
23,Bhiwandi,138,Kalyan West,Kapil Moreshwar Patil,BJP,2019
23,Bhiwandi,139,Murbad,Kapil Moreshwar Patil,BJP,2019
24,Kalyan,140,Ambarnath (SC),Dr. Shrikant Eknath Shinde,SHS,2019
24,Kalyan,141,Ulhasnagar,Dr. Shrikant Eknath Shinde,SHS,2019
24,Kalyan,142,Kalyan East,Dr. Shrikant Eknath Shinde,SHS,2019
24,Kalyan,143,Dombivali,Dr. Shrikant Eknath Shinde,SHS,2019
24,Kalyan,144,Kalyan Rural,Dr. Shrikant Eknath Shinde,SHS,2019
25,Thane,145,Meera Bhayandar,Rajan Baburao Vichare,SHS,2019
25,Thane,146,Ovala majiwada,Rajan Baburao Vichare,SHS,2019
25,Thane,147,Kopri-Pachpakhadi,Rajan Baburao Vichare,SHS,2019
25,Thane,148,Thane,Rajan Baburao Vichare,SHS,2019
24,Kalyan,149,Mumbra-Kalwa,Babaji Balaram Patil,NCP,2019
25,Thane,150,Airoli,Rajan Baburao Vichare,SHS,2019
25,Thane,151,Belapur,Rajan Baburao Vichare,SHS,2019
26,Mumbai North,152,Borivali,Gopal Shetty,BJP,2019
26,Mumbai North,153,Dhaisar,Gopal Shetty,BJP,2019
26,Mumbai North,154,Magathane,Gopal Shetty,BJP,2019
28,Mumbai North-East,155,Mulund,Manoj Kotak,BJP,2019
28,Mumbai North-East,156,Vikhroli,Manoj Kotak,BJP,2019
28,Mumbai North-East,157,Bhandup West,Manoj Kotak,BJP,2019
27,Mumbai North-West,158,Jogeshwari East,Gajanan Kirtikar,SHS,2019
27,Mumbai North-West,159,Dindoshi,Arora Surinder Mohan,BJAP,2019
26,Mumbai North,160,Kandivali East,Gopal Shetty,BJP,2019
26,Mumbai North,161,Charkop,Gopal Shetty,BJP,2019
26,Mumbai North,162,Malad West,Gopal Shetty,BJP,2019
27,Mumbai North-West,163,Goregaon,Gajanan Kirtikar,SHS,2019
27,Mumbai North-West,164,Varsova,Gajanan Kirtikar,SHS,2019
27,Mumbai North-West,165,Andheri West,Gajanan Kirtikar,SHS,2019
27,Mumbai North-West,166,Andheri East,Gajanan Kirtikar,SHS,2019
29,Mumbai North-Central,167,Vile Parle,Poonam Mahajan,BJP,2019
29,Mumbai North-Central,168,Chandivali,Poonam Mahajan,BJP,2019
28,Mumbai North-East,169,Ghatkopar West,Manoj Kotak,BJP,2019
28,Mumbai North-East,170,Ghatkoper East,Manoj Kotak,BJP,2019
28,Mumbai North-East,171,Mankhurd shivajinagar,Patil Sanjay Dina,NCP,2019
30,Mumbai South-Central,172,Anushakti Nagar,Rahul Ramesh Shewale,SHS,2019
30,Mumbai South-Central,173,Chembar ,Rahul Ramesh Shewale,SHS,2019
29,Mumbai North-Central,174,Kurle (SC),Poonam Mahajan,BJP,2019
29,Mumbai North-Central,175,Kalina,Poonam Mahajan,BJP,2019
29,Mumbai North-Central,176,Vandre East,Dutt Priya Sunil,INC,2019
29,Mumbai North-Central,177,Vandre West,Poonam Mahajan,BJP,2019
30,Mumbai South-Central,178,Dharavi (SC),Eknath M. Gaikwad,INC,2019
30,Mumbai South-Central,179,Sion Koliwada,Rahul Ramesh Shewale,SHS,2019
30,Mumbai South-Central,180,Wadala,Rahul Ramesh Shewale,SHS,2019
30,Mumbai South-Central,181,Mahim,Rahul Ramesh Shewale,SHS,2019
31,Mumbai South,182,Worli,Arvind Ganpat Sawant,SHS,2019
31,Mumbai South,183,Shivadi,Arvind Ganpat Sawant,SHS,2019
31,Mumbai South,184,Byculla,Deora Milind Murli,INC,2019
31,Mumbai South,185,Malabar Hill,Arvind Ganpat Sawant,SHS,2019
31,Mumbai South,186,Mumbadevi,Deora Milind Murli,INC,2019
31,Mumbai South,187,Colaba,Arvind Ganpat Sawant,SHS,2019
33,Maval,188,Panvel,Shrirang Appa Chandu Barne,SHS,2019
33,Maval,189,Karjat,Parth Ajit Pawar,NCP,2019
33,Maval,190,Uran,Shrirang Appa Chandu Barne,SHS,2019
32,Raigad,191,Pen,Anant Geete,SHS,2019
32,Raigad,192,Alibag,Tatkare Sunil Dattatay,NCP,2019
32,Raigad,193,Shrivardhan,Tatkare Sunil Dattatay,NCP,2019
32,Raigad,194,Mahad,Anant Geete,SHS,2019
36,Shirur,195,Junnar,Dr. Amol Ramsing Kolhe,NCP,2019
36,Shirur,196,Ambegaon,Dr. Amol Ramsing Kolhe,NCP,2019
36,Shirur,197,Khed Alandi,Dr. Amol Ramsing Kolhe,NCP,2019
36,Shirur,198,Shirur,Dr. Amol Ramsing Kolhe,NCP,2019
35,Baramaati,199,Daund,Kanchan Rahul Kool,BJP,2019
35,Baramaati,200,Indapur,Supriya Sule,NCP,2019
35,Baramaati,201,Baramati,Supriya Sule,NCP,2019
35,Baramaati,202,Purandar,Supriya Sule,NCP,2019
35,Baramaati,203,Bhor,Supriya Sule,NCP,2019
33,Maval,204,Maval,Shrirang Appa Chandu Barne,SHS,2019
33,Maval,205,Chinchwad,Shrirang Appa Chandu Barne,SHS,2019
33,Maval,206,Pimpri (SC),Shrirang Appa Chandu Barne,SHS,2019
36,Shirur,207,Bhosari,Adhalrao Shivaji Dattatrey,SHS,2019
34,Pune,208,Vadgaon Sheri,Girish Bhalchandra Bapat,BJP,2019
34,Pune,209,Shivajinagar,Girish Bhalchandra Bapat,BJP,2019
34,Pune,210,Kothrud,Girish Bhalchandra Bapat,BJP,2019
35,Baramaati,211,Khadakwasala,Kanchan Rahul Kool,BJP,2019
34,Pune,212,Parvati,Girish Bhalchandra Bapat,BJP,2019
36,Shirur,213,Hadapsar,Adhalrao Shivaji Dattatrey,SHS,2019
34,Pune,214,Pune Cantonment (SC),Girish Bhalchandra Bapat,BJP,2019
34,Pune,215,Kasba Peth,Girish Bhalchandra Bapat,BJP,2019
38,Shirdi (SC),216,Akole (ST),Kamble Bhausaheb Malhari,INC,2019
38,Shirdi (SC),217,Sangmner,Sadashiv Kisan Lokhande,SHS,2019
38,Shirdi (SC),218,Shirdi,Sadashiv Kisan Lokhande,SHS,2019
38,Shirdi (SC),219,Kopargaon,Sadashiv Kisan Lokhande,SHS,2019
38,Shirdi (SC),220,Shirampur (SC),Sadashiv Kisan Lokhande,SHS,2019
38,Shirdi (SC),221,Nevasa,Sadashiv Kisan Lokhande,SHS,2019
37,Ahmednagar,222,Shevgaon,Dr. Sujay Radhakrishna,BJP,2019
37,Ahmednagar,223,Rahuri,Dr. Sujay Radhakrishna,BJP,2019
37,Ahmednagar,224,Parner,Dr. Sujay Radhakrishna,BJP,2019
37,Ahmednagar,225,Ahmednagar City,Dr. Sujay Radhakrishna,BJP,2019
37,Ahmednagar,226,Shrigonda,Dr. Sujay Radhakrishna,BJP,2019
37,Ahmednagar,227,Karjat Jamkhed,Dr. Sujay Radhakrishna,BJP,2019
39,Beed,228,Georai,Pritam Gopinathrao Munde,BJP,2019
39,Beed,229,Majalgaon,Pritam Gopinathrao Munde,BJP,2019
39,Beed,230,Beed,Pritam Gopinathrao Munde,BJP,2019
39,Beed,231,Ashti,Pritam Gopinathrao Munde,BJP,2019
39,Beed,232,Kaji (SC),Pritam Gopinathrao Munde,BJP,2019
39,Beed,233,Parli,Pritam Gopinathrao Munde,BJP,2019
41,Latur (SC),234,Latur Rural,Sudhakar Tukaram Shrangare,BJP,2019
41,Latur (SC),235,Latur City,Sudhakar Tukaram Shrangare,BJP,2019
41,Latur (SC),236,Ahmedpur,Sudhakar Tukaram Shrangare,BJP,2019
41,Latur (SC),237,Udgir (SC),Sudhakar Tukaram Shrangare,BJP,2019
41,Latur (SC),238,Nilanga,Sudhakar Tukaram Shrangare,BJP,2019
40,Osmanabad,239,Ausa,Omprakash Bhupalsinh Alias Pawan Rajenimbalkar,SHS,2019
40,Osmanabad,240,Omerga (SC),Omprakash Bhupalsinh Alias Pawan Rajenimbalkar,SHS,2019
40,Osmanabad,241,Tuljapur,Omprakash Bhupalsinh Alias Pawan Rajenimbalkar,SHS,2019
40,Osmanabad,242,Osmanabad,Omprakash Bhupalsinh Alias Pawan Rajenimbalkar,SHS,2019
40,Osmanabad,243,Paranda,Omprakash Bhupalsinh Alias Pawan Rajenimbalkar,SHS,2019
43,Madha,244,Karmala,Sanjaymama Vitthalrao Shinde,NCP,2019
43,Madha,245,Madha,Sanjaymama Vitthalrao Shinde,NCP,2019
40,Osmanabad,246,Barshi,Omprakash Bhupalsinh Alias Pawan Rajenimbalkar,SHS,2019
42,Solapur (SC),247,Mohol (SC),Shinde Sushilkumar Sambhajirao,INC,2019
42,Solapur (SC),248,Solapur City North,Shri. Sha. Bra. Dr. Jai Sidheshwar Shivachary Mahaswamiji,BJP,2019
42,Solapur (SC),249,Solapur City Central,Shri. Sha. Bra. Dr. Jai Sidheshwar Shivachary Mahaswamiji,BJP,2019
42,Solapur (SC),250,Akkalkot,Shri. Sha. Bra. Dr. Jai Sidheshwar Shivachary Mahaswamiji,BJP,2019
42,Solapur (SC),251,Solapur South,Shri. Sha. Bra. Dr. Jai Sidheshwar Shivachary Mahaswamiji,BJP,2019
42,Solapur (SC),252,Pandharpur,Shinde Sushilkumar Sambhajirao,INC,2019
43,Madha,253,Sangola,Sanjaymama Vitthalrao Shinde,NCP,2019
43,Madha,254,Malshiran (SC),Ranjeetsinha Hindurao Naik-Nimbalkar,BJP,2019
43,Madha,255,Phaltan (SC),Ranjeetsinha Hindurao Naik-Nimbalkar,BJP,2019
43,Madha,258,Man,Ranjeetsinha Hindurao Naik-Nimbalkar,BJP,2019
45,Satara,256,Wai,Shrimant Chh. Udayanraje Pratapsinh Maharaj Bhonsle,NCP,2019
45,Satara,257,Koregaon,Shrimant Chh. Udayanraje Pratapsinh Maharaj Bhonsle,NCP,2019
45,Satara,259,Karad North,Shrimant Chh. Udayanraje Pratapsinh Maharaj Bhonsle,NCP,2019
45,Satara,260,Karad South,Narendra Annasaheb Patil,SHS,2019
45,Satara,261,Patan,Narendra Annasaheb Patil,SHS,2019
45,Satara,262,Satara,Shrimant Chh. Udayanraje Pratapsinh Maharaj Bhonsle,NCP,2019
32,Raigad,263,Dapoli,Anant Geete,SHS,2019
32,Raigad,264,Guhagar,Anant Geete,SHS,2019
46,Ratnagiri-Sindhudurg,265,Chiplun,Vinayak Raut (SHS),SHS,2019
46,Ratnagiri-Sindhudurg,266,Ratnagiri,Vinayak Raut (SHS),SHS,2019
46,Ratnagiri-Sindhudurg,267,Rajapur,Vinayak Raut (SHS),SHS,2019
46,Ratnagiri-Sindhudurg,268,Kankavli,Vinayak Raut (SHS),SHS,2019
46,Ratnagiri-Sindhudurg,269,Kudal,Vinayak Raut (SHS),SHS,2019
46,Ratnagiri-Sindhudurg,270,Sawantwadi,Vinayak Raut (SHS),SHS,2019
47,Kolhapur,271,Chandgad,Sanjay Sadashivrao Mandlik,SHS,2019
47,Kolhapur,272,Radhanagari,Sanjay Sadashivrao Mandlik,SHS,2019
47,Kolhapur,273,Kagal,Sanjay Sadashivrao Mandlik,SHS,2019
47,Kolhapur,274,Kolhapur South,Sanjay Sadashivrao Mandlik,SHS,2019
47,Kolhapur,275,Karvir,Sanjay Sadashivrao Mandlik,SHS,2019
47,Kolhapur,276,Kolhapur North,Sanjay Sadashivrao Mandlik,SHS,2019
48,Hatkanangle,277,Shahuwadi ,Dhairyasheel Sambhajirao Mane,SHS,2019
48,Hatkanangle,278,Hatkanangle (SC),Dhairyasheel Sambhajirao Mane,SHS,2019
48,Hatkanangle,279,Ichalkaranji,Dhairyasheel Sambhajirao Mane,SHS,2019
48,Hatkanangle,280,Shirol,Raju Anna Shetti,Swabhimani Paksha,2019
44,Sangli,281,Miraj (SC),Sanjaykaka Patil,BJP,2019
44,Sangli,282,Sangli,Sanjaykaka Patil,BJP,2019
48,Hatkanangle,283,Islampur,Raju Anna Shetti,Swabhimani Paksha,2019
48,Hatkanangle,284,Shirala,Raju Anna Shetti,Swabhimani Paksha,2019
44,Sangli,285,Palus-Kadegaon,Vishal prakashbapu Patil,Swabhimani Paksha,2019
44,Sangli,286,Khanpur,Sanjaykaka Patil,BJP,2019
44,Sangli,287,Tasgaon-Kavathe Mahankal,Sanjaykaka Patil,BJP,2019
44,Sangli,288,Jat,Sanjaykaka Patil,BJP,2019
1,Nandurbar,1, Akkalkuwa (ST),DR.GAVIT HEENA VIJAYKUMAR,BJP,2014
1,Nandurbar,2,Shahada(ST),GAVIT MANIKRAO HODLYA,INC,2014
1,Nandurbar,3,Nandurbar(ST),Dr.Gavit Heena Vaijaykumar,BJP,2014
1,Nandurbar,4,Nawapur(ST),Gavit Manikrao Hodlya,INC,2014
1,Nandurbar,5,Sakri(ST),Gavit Manikrao Hodlya,INC,2014
2,Dhule,6,Dhule Rural,Dr. Bhamre Subhash Ramrao,BJP,2014
2,Dhule,7,Dhule City,Dr. Bhamre Subhash Ramrao,BJP,2014
2,Dhule,8,Sindhkheda,Dr. Bhamre Subhash Ramrao,BJP,2014
1,Nandurbar,9,Shirpur(ST),Dr.Gavit Heena Vaijaykumar,BJP,2014
4,Raver,10,Chopda,Khadase Raksha Nikhil,BJP,2014
4,Raver,11,Raver,Khadase Raksha Nikhil,BJP,2014
4,Raver,12, Bhusawal (SC),Khadase Raksha Nikhil,BJP,2014
3,Jalgaon,13,Jalgain City,A.T. Nana Patil,BJP,2014
3,Jalgaon,14,Jalgaon Rural,A.T. Nana Patil,BJP,2014
3,Jalgaon,15,Amalner,A.T. Nana Patil,BJP,2014
3,Jalgaon,16,Erandol,A.T. Nana Patil,BJP,2014
3,Jalgaon,17,Chalisgaon,A.T. Nana Patil,BJP,2014
3,Jalgaon,18,Pachora,A.T. Nana Patil,BJP,2014
4,Raver,19,Jamner,Khadase Raksha Nikhil,BJP,2014
4,Raver,20,Muktainagar,Khadase Raksha Nikhil,BJP,2014
4,Raver,21,Malkapur,Khadase Raksha Nikhil,BJP,2014
5,Buldhana,22, Buldhana,Jadhav Prataprao Ganpatrao,SHS,2014
5,Buldhana,23, Chikhli,Jadhav Prataprao Ganpatrao,SHS,2014
5,Buldhana,24,Sindhkhed Raja,Jadhav Prataprao Ganpatrao,SHS,2014
5,Buldhana,25,Mehkar (SC),Jadhav Prataprao Ganpatrao,SHS,2014
5,Buldhana,26,Khamgaon,Jadhav Prataprao Ganpatrao,SHS,2014
5,Buldhana,27,Jalgaon (Jamod),Jadhav Prataprao Ganpatrao,SHS,2014
6,Akola,28,Akot,Dhotre Sanjay Shamrao,BJP,2014
6,Akola,29,Balapur,Dhotre Sanjay Shamrao,BJP,2014
6,Akola,30, Aakola West,Dhotre Sanjay Shamrao,BJP,2014
6,Akola,31,Akola East,Dhotre Sanjay Shamrao,BJP,2014
6,Akola,32,Murtizapur (SC),Dhotre Sanjay Shamrao,BJP,2014
6,Akola,33,Risod,Dhotre Sanjay Shamrao,BJP,2014
14,Yavatmal-Washim,34,Washim(SC),Gawali Bhavana Pundlikrao,SHS,2014
14,Yavatmal-Washim,35,Karanja,Gawali Bhavana Pundlikrao,SHS,2014
8,Wardha,36,Dhamangaon Railway,Ramdas Chandrabhanji Tadas,BJP,2014
7,Amravati,37,Badnera,Adsul Anandrao Vithoba,SHS,2014
7,Amravati,38,Amrawati,Adsul Anandrao Vithoba,SHS,2014
7,Amravati,39,Teosa,Adsul Anandrao Vithoba,SHS,2014
7,Amravati,40, Daryapur (SC),Adsul Anandrao Vithoba,SHS,2014
7,Amravati,41,Melghat (ST),Navneet Ravi Rana,INC,2014
7,Amravati,42,Achalpur,Adsul Anandrao Vithoba,SHS,2014
8,Wardha,43,Morshi,Ramdas Chandrabhanji Tadas,BJP,2014
8,Wardha,44,Arvi,Ramdas Chandrabhanji Tadas,BJP,2014
8,Wardha,45,Deoli,Ramdas Chandrabhanji Tadas,BJP,2014
8,Wardha,46,Hinganghat,Ramdas Chandrabhanji Tadas,BJP,2014
8,Wardha,47, Wardha,Ramdas Chandrabhanji Tadas,BJP,2014
9,Ramtek,48,Katol,Krupal Balaji Tumane,SHS,2014
9,Ramtek,49,Savner,Krupal Balaji Tumane,SHS,2014
9,Ramtek,50,Hingna,Krupal Balaji Tumane,SHS,2014
9,Ramtek,51,Umred(SC),Krupal Balaji Tumane,SHS,2014
10,Nagpur,52,Nagpur South West,Gadkari Nitin Jairam,BJP,2014
10,Nagpur,53,Nagpur South,Gadkari Nitin Jairam,BJP,2014
10,Nagpur,54,Nagpur East,Gadkari Nitin Jairam,BJP,2014
10,Nagpur,55,Nagpur Central,Gadkari Nitin Jairam,BJP,2014
10,Nagpur,56,Nagpur West,Gadkari Nitin Jairam,BJP,2014
10,Nagpur,57,Nagpur North (SC),Gadkari Nitin Jairam,BJP,2014
9,Ramtek,58,Kamthi,Krupal Balaji Tumane,SHS,2014
9,Ramtek,59,Ramtek,Krupal Balaji Tumane,SHS,2014
11,Bhandara-Gondiya,60,Tumsar,Nanabhau Falgunrao Patole,BJP,2014
11,Bhandara-Gondiya,61,Bhandara (SC),Nanabhau Falgunrao Patole,BJP,2014
11,Bhandara-Gondiya,62,Sakoli,Nanabhau Falgunrao Patole,BJP,2014
11,Bhandara-Gondiya,63, Arjuni Morgaon (SC),Nanabhau Falgunrao Patole,BJP,2014
11,Bhandara-Gondiya,64,Tirora,Nanabhau Falgunrao Patole,BJP,2014
11,Bhandara-Gondiya,65,Gondia,Nanabhau Falgunrao Patole,BJP,2014
12,Gadchiroli-Chimur,66,Amgaon (ST),Ashok Mahadeorao Nete,BJP,2014
12,Gadchiroli-Chimur,67,Armori (ST),Ashok Mahadeorao Nete,BJP,2014
12,Gadchiroli-Chimur,68,Gadchiroli (ST),Ashok Mahadeorao Nete,BJP,2014
12,Gadchiroli-Chimur,69, Aheri (ST),Ashok Mahadeorao Nete,BJP,2014
13,Chandrapur,70,Rajura,Ahir Hansraj Gangaram,BJP,2014
13,Chandrapur,71,Chandrapur,Ahir Hansraj Gangaram,BJP,2014
13,Chandrapur,72,Ballarpur,Ahir Hansraj Gangaram,BJP,2014
12,Gadchiroli-Chimur,73, Bramhapuri,Ashok Mahadeorao Nete,BJP,2014
12,Gadchiroli-Chimur,74,Chimur,Ashok Mahadeorao Nete,BJP,2014
13,Chandrapur,75,Warora,Ahir Hansraj Gangaram,BJP,2014
13,Chandrapur,76,Wani,Ahir Hansraj Gangaram,BJP,2014
14,Yavatmal-Washim,77,Ralegaon(ST),Gawali Bhavana Pundlikrao,SHS,2014
14,Yavatmal-Washim,78,Yavatmal,Gawali Bhavana Pundlikrao,SHS,2014
14,Yavatmal-Washim,79,Digras,Gawali Bhavana Pundlikrao,SHS,2014
13,Chandrapur,80,Arni(ST),Ahir Hansraj Gangaram,BJP,2014
14,Yavatmal-Washim,81,Pusad,Adv.Shivajirao Shivaramji Moghe,INC,2014
15,Hingoli,82,Umarkhed,Rajeev Shankarrao Satav,INC,2014
15,Hingoli,83,Kinwat,Rajeev Shankarrao Satav,INC,2014
15,Hingoli,84,Hadgaon,Wankhede Subhash Bapurao,SHS,2014
16,Nanded,85,Bhokar,Ashok Shankarrao Chavan,INC,2014
16,Nanded,86,Nanded North,Ashok Shankarrao Chavan,INC,2014
16,Nanded,87,Nanded South,Ashok Shankarrao Chavan,INC,2014
41,Latur(SC),88,Loha,Dr. Sunil Baliram Gaikwad,BJP,2014
16,Nanded,89,Naigaon,D. B. Patil,BJP,2014
16,Nanded,90,Deglur(SC),Ashok Shankarrao Chavan,INC,2014
16,Nanded,91,Mukhed,D. B. Patil,BJP,2014
15,Hingoli,92,Basdmath,Wankhede Subhash Bapurao,SHS,2014
15,Hingoli,93,Kalamnuri,Rajeev Shankarrao Satav,INC,2014
15,Hingoli,94,Hingoli,Wankhede Subhash Bapurao,SHS,2014
17,Parbhani,95,Jintur,Jadhav Sanjay (BANDU) HARIBHAU,SHS,2014
17,Parbhani,96,Parbhani,Bhambale Vijay Manikrao,NCP,2014
17,Parbhani,97,Gangakhed,Jadhav Sanjay (BANDU) HARIBHAU,SHS,2014
17,Parbhani,98,Pathri,Jadhav Sanjay (BANDU) HARIBHAU,SHS,2014
17,Parbhani,99,Partur,Jadhav Sanjay (BANDU) HARIBHAU,SHS,2014
17,Parbhani,100,Gansavangi,Jadhav Sanjay (BANDU) HARIBHAU,SHS,2014
18,Jalna,101,Jalna,Danve Raosaheb Dadarao,BJP,2014
18,Jalna,102,Badnapur(SC),Danve Raosaheb Dadarao,BJP,2014
18,Jalna,103,Bhokardan,Danve Raosaheb Dadarao,BJP,2014
18,Jalna,104,Sillod,Danve Raosaheb Dadarao,BJP,2014
19,Aurangabad,105,Kannad,Chavan Harishchandra Deoram,BJP,2014
18,Jalna,106,Pholambari,Danve Raosaheb Dadarao,BJP,2014
19,Aurangabad,107, Aurangabad (Central),Chavan Harishchandra Deoram,BJP,2014
19,Aurangabad,108,Aurangabad (West) (SC),Chavan Harishchandra Deoram,BJP,2014
19,Aurangabad,109, Aurangbad (East),Chavan Harishchandra Deoram,BJP,2014
18,Jalna,110,Paithan,Danve Raosaheb Dadarao,BJP,2014
19,Aurangabad,111, Gangapur,Chavan Harishchandra Deoram,BJP,2014
19,Aurangabad,112, Vaijapur,Chavan Harishchandra Deoram,BJP,2014
20,Dindori,113,Nandgaon,Chavan Harishchandra Deoram,BJP,2014
2,Dhule,114,Malegaon(Central),Amrishbhai Rasiklal Patel,INC,2014
2,Dhule,115,Malegaon(Outer),Dr. Bhamre Subhash Ramrao,BJP,2014
2,Dhule,116,Baglan(ST),Dr. Bhamre Subhash Ramrao,BJP,2014
20,Dindori,117,Kalwan (ST),Chavan Harishchandra Deoram,BJP,2014
20,Dindori,118, Chandwad,Chavan Harishchandra Deoram,BJP,2014
20,Dindori,119,Yevla,Chavan Harishchandra Deoram,BJP,2014
21,Nashik,120,Sinnar,Godse Hemant Tukaram,SHS,2014
20,Dindori,121, Niphad,Chavan Harishchandra Deoram,BJP,2014
20,Dindori,122,Dindori(ST) ,Chavan Harishchandra Deoram,BJP,2014
21,Nashik,123,Nashik East,Godse Hemant Tukaram,SHS,2014
21,Nashik,124,Nashik (Central),Godse Hemant Tukaram,SHS,2014
21,Nashik,125,Nashik West,Godse Hemant Tukaram,SHS,2014
21,Nashik,126,Deolali (SC),Godse Hemant Tukaram,SHS,2014
21,Nashik,127,Igatpuri (ST),Chhagan Bhujbal,NCP,2014
22,Palghar,128,Dahanu (ST),Adv. Chintaman Navasha Wanga,BJP,2014
22,Palghar,129,Vekramgrth (ST),Adv. Chintaman Navasha Wanga,BJP,2014
22,Palghar,130,Palghar (ST),Adv. Chintaman Navasha Wanga,BJP,2014
22,Palghar,131,Boisar (ST),Adv. Chintaman Navasha Wanga,BJP,2014
22,Palghar,132,Nalasopara,Adv. Chintaman Navasha Wanga,BJP,2014
22,Palghar,133,Vasai,Adv. Chintaman Navasha Wanga,BJP,2014
23,Bhiwandi,134,Bhiwandi Rural (ST),Kapil Moreshwar Patil,BJP,2014
23,Bhiwandi,135,Shahapur (ST),Kapil Moreshwar Patil,BJP,2014
23,Bhiwandi,136,Bhiwandi West,Patil Vishwanath Ramchandra,INC,2014
23,Bhiwandi,137,Bhiwandi East,Patil Vishwanath Ramchandra,INC,2014
23,Bhiwandi,138,Kalyan West,Kapil Moreshwar Patil,BJP,2014
23,Bhiwandi,139,Murbad,Kapil Moreshwar Patil,BJP,2014
24,Kalyan,140,Ambarnath (SC),Dr.Shrikant Eknath Shinde,SHS ,2014
24,Kalyan,141,Ulhasnagar,Dr.Shrikant Eknath Shinde,SHS ,2014
24,Kalyan,142,Kalyan East,Dr.Shrikant Eknath Shinde,SHS ,2014
24,Kalyan,143,Dombivali,Dr.Shrikant Eknath Shinde,SHS ,2014
24,Kalyan,144,Kalyan Rural,Dr.Shrikant Eknath Shinde,SHS ,2014
25,Thane,145,Meera Bhayandar,Vichare Rajan Baburao,SHS,2014
25,Thane,146,Ovala majiwada,Vichare Rajan Baburao,SHS,2014
25,Thane,147,Kopri-Pachpakhadi,Vichare Rajan Baburao,SHS,2014
25,Thane,148,Thane,Vichare Rajan Baburao,SHS,2014
24,Kalyan,149, Mumbra-Kalwa,Anand Prakash Paranjpe,NCP,2014
25,Thane,150,Airoli,Vichare Rajan Baburao,SHS,2014
25,Thane,151,Belapur,Vichare Rajan Baburao,SHS,2014
26,Mumbai North,152, Borivali,Gopal Chinayya Shetty,BJP,2014
26,Mumbai North,153, Dhaisar,Gopal Chinayya Shetty,BJP,2014
26,Mumbai North,154, Magathane,Gopal Chinayya Shetty,BJP,2014
28,Mumbai North-East,155,Mulund,Kirit Somaiya,BJP,2014
28,Mumbai North-East,156,Vikhroli,Kirit Somaiya,BJP,2014
28,Mumbai North-East,157,Bhandup West,Kirit Somaiya,BJP,2014
27,Mumbai-North West,158,Jogeshwari East,Gajanan Chandrakant Kirtikar,SHS,2014
27,Mumbai-North West,159, Dindoshi,Gajanan Chandrakant Kirtikar,SHS,2014
26,Mumbai North,160,Kandivali East,Gopal Chinayya Shetty,BJP,2014
26,Mumbai North,161,Charkop,Gopal Chinayya Shetty,BJP,2014
26,Mumbai North,162,Malad West,Gopal Chinayya Shetty,BJP,2014
27,Mumbai-North West,163,Goregaon,Gajanan Chandrakant Kirtikar,SHS,2014
27,Mumbai-North West,164,Varsova,Gajanan Chandrakant Kirtikar,SHS,2014
27,Mumbai-North West,165,Andheri West,Gajanan Chandrakant Kirtikar,SHS,2014
27,Mumbai-North West,166,Andheri East,Gajanan Chandrakant Kirtikar,SHS,2014
29,Mumbai North-Central,167, Vile Parle,Poonam Mahajan Alias Poonam Vajendla Rao,BJP,2014
29,Mumbai North-Central,168,Chandivali,Poonam Mahajan Alias Poonam Vajendla Rao,BJP,2014
28,Mumbai North-East,169,Ghatkopar West,Kirit Somaiya,BJP,2014
28,Mumbai North-East,170,Ghatkopar East,Kirit Somaiya,BJP,2014
28,Mumbai North-East,171,Mankhurd shivajinagar,Sanjay Dina Patil,NCP,2014
30,Mumbai South-Central,172,Anushakti Nagar,Rahul Ramesh Shewale,SHS ,2014
30,Mumbai South-Central,173,Chembur,Rahul Ramesh Shewale,SHS ,2014
29,Mumbai North-Central,174,Kurla (SC),Poonam Mahajan Alias Poonam Vajendla Rao,BJP,2014
29,Mumbai North-Central,175, Kalina,Poonam Mahajan Alias Poonam Vajendla Rao,BJP,2014
29,Mumbai North-Central,176,Vandre East,Poonam Mahajan Alias Poonam Vajendla Rao,BJP,2014
29,Mumbai North-Central,177,Vandre West,Poonam Mahajan Alias Poonam Vajendla Rao,BJP,2014
30,Mumbai South-Central,178,Dharavi (SC),Rahul Ramesh Shewale,SHS ,2014
30,Mumbai South-Central,179,Sion Koliwada,Rahul Ramesh Shewale,SHS ,2014
30,Mumbai South-Central,180,Wadala,Rahul Ramesh Shewale,SHS ,2014
30,Mumbai South-Central,181,Mahim,Rahul Ramesh Shewale,SHS ,2014
31,Mumbai South,182, Worli,Arvind Sawant,SHS,2014
31,Mumbai South,183,Shivadi,Arvind Sawant,SHS,2014
31,Mumbai South,184,Byculla,Deora Milind Murli,INC,2014
31,Mumbai South,185,Malabar Hill,Arvind Sawant,SHS,2014
31,Mumbai South,186,Mumbadevi,Deora Milind Murli,INC,2014
31,Mumbai South,187,Colaba,Arvind Sawant,SHS,2014
33,Maval,188,Panvel,Jagtap Laxmanbhau Pandurang,PWPI,2014
33,Maval,189,Karjat,Appa Alias Shrirang Chandu Barne,SHS,2014
33,Maval,190,Uran,Jagtap Laxmanbhau Pandurang,PWPI,2014
32,Raigad,191,Pen,Anant Geete,SHS,2014
32,Raigad,192,Alibag,Tatkare Sunil DattatreyTatkare Sunil Dattatrey,INC,2014
32,Raigad,193, Shrivardhan,Tatkare Sunil Dattatrey,INC,2014
32,Raigad,194,Mahad,Anant Geete,SHS,2014
36,Shirur,195,Junnar,Adhalrao Shivaji Dattatrey,SHS,2014
36,Shirur,196,Ambegaon,Adhalrao Shivaji Dattatrey,SHS,2014
36,Shirur,197,Khed Alandi,Adhalrao Shivaji Dattatrey,SHS,2014
36,Shirur,198,Shirur,Adhalrao Shivaji Dattatrey,SHS,2014
35,Baramati,199,Daund,Mahadev Jagannath Jankar,RSP,2014
35,Baramati,200,Indapur,Supriya Sule,NCP,2014
35,Baramati,201,Baramati,Supriya Sule,NCP,2014
35,Baramati,202,Purandar,Mahadev Jagannath Jankar,RSP,2014
35,Baramati,203,Bhor,Supriya Sule,NCP,2014
33,Maval,204,Maval,Appa Alias Shrirang Chandu Barne,SHS,2014
33,Maval,205,Chinchwad,Appa Alias Shrirang Chandu Barne,SHS,2014
33,Maval,206,Pimpri (SC),Appa Alias Shrirang Chandu Barne,SHS,2014
36,Shirur,207,Bhosari,Adhalrao Shivaji Dattatrey,SHS,2014
34,Pune,208,Vadgaon Sheri,Anil Shirole,BJP,2014
34,Pune,209,Shivajinagar,Anil Shirole,BJP,2014
34,Pune,210,Kothrud,Anil Shirole,BJP,2014
35,Baramati,211, Khadakwasala,Mahadev Jagannath Jankar,RSP,2014
34,Pune,212,Parvati,Anil Shirole,BJP,2014
36,Shirur,213,Hadapsar,Adhalrao Shivaji Dattatrey,SHS,2014
34,Pune,214,Pune Cantonment (SC),Anil Shirole,BJP,2014
34,Pune,215,Kasba Peth,Anil Shirole,BJP,2014
38,Shridi(SC),216,Akole (ST),Lokhande Sadashiv Kisan,SHS,2014
38,Shridi(SC),217,Sangmner,Lokhande Sadashiv Kisan,SHS,2014
38,Shridi(SC),218,Shirdi,Lokhande Sadashiv Kisan,SHS,2014
38,Shridi(SC),219,Kopargaon,Lokhande Sadashiv Kisan,SHS,2014
38,Shridi(SC),220,Shrirampur (SC),Lokhande Sadashiv Kisan,SHS,2014
38,Shridi(SC),221, Nevasa,Lokhande Sadashiv Kisan,SHS,2014
37,Ahmednagar,222,Shevgaon,Rajeev Appasaheb Rajale,NCP,2014
37,Ahmednagar,223,Rahuri,Gandhi Dilipkumar Mansukhlal,BJP,2014
37,Ahmednagar,224, Parner,Gandhi Dilipkumar Mansukhlal,BJP,2014
37,Ahmednagar,225,Ahmednagar City,Gandhi Dilipkumar Mansukhlal,BJP,2014
37,Ahmednagar,226,Shrigonda,Gandhi Dilipkumar Mansukhlal,BJP,2014
37,Ahmednagar,227,Karjat Jamkhed,Gandhi Dilipkumar Mansukhlal,BJP,2014
39,Beed,228,Georai,Munde Gopinathrao Pandurang,BJP,2014
39,Beed,229, Majalgaon,Munde Gopinathrao Pandurang,BJP,2014
39,Beed,230,Beed,Munde Gopinathrao Pandurang,BJP,2014
39,Beed,231, Ashti,Munde Gopinathrao Pandurang,BJP,2014
39,Beed,232,Kaij (SC),Munde Gopinathrao Pandurang,BJP,2014
39,Beed,233,Parli,Munde Gopinathrao Pandurang,BJP,2014
41,Latur(SC),234,Latur Rural,Dr. Sunil Baliram Gaikwad,BJP,2014
41,Latur(SC),235, Latur City,Dr. Sunil Baliram Gaikwad,BJP,2014
41,Latur(SC),236, Ahmedpur,Dr. Sunil Baliram Gaikwad,BJP,2014
41,Latur(SC),237, Udgir (SC),Dr. Sunil Baliram Gaikwad,BJP,2014
41,Latur(SC),238,Nilanga,Dr. Sunil Baliram Gaikwad,BJP,2014
40,Osmanabad,239, Ausa,Gaikwad Ravindra Vishwanath,SHS,2014
40,Osmanabad,240,Omerga (SC),Gaikwad Ravindra Vishwanath,SHS,2014
40,Osmanabad,241,Tuljapur,Gaikwad Ravindra Vishwanath,SHS,2014
40,Osmanabad,242,Osmanabad,Gaikwad Ravindra Vishwanath,SHS,2014
40,Osmanabad,243,Paranda,Gaikwad Ravindra Vishwanath,SHS,2014
43,Madha,244,Karmala,Sadabhau Ramchandra Khot,Swabhimani Paksha,2014
43,Madha,245, Madha,Mohite Patil Vijaysinh Shankarrao,NCP,2014
40,Osmanabad,246,Barshi,Gaikwad Ravindra Vishwanath,SHS,2014
42,Solapur(SC),247,Mohol (SC),Sharad Bansode,BJP,2014
42,Solapur(SC),248,Solapur City North,Sharad Bansode,BJP,2014
42,Solapur(SC),249,Solapur City Central,Sharad Bansode,BJP,2014
42,Solapur(SC),250,Akkalkot,Sharad Bansode,BJP,2014
42,Solapur(SC),251, Solapur South,Sharad Bansode,BJP,2014
42,Solapur(SC),252,Pandharpur,Sharad Bansode,BJP,2014
43,Madha,253,Sangola,Sadabhau Ramchandra Khot,Swabhimani Paksha,2014
43,Madha,254,Malshiran (SC),Mohite Patil Vijaysinh Shankarrao,NCP,2014
43,Madha,255,Phaltan (SC),Sadabhau Ramchandra Khot,Swabhimani Paksha,2014
45,Satara,256,Wai,Shrimant Chh. Udayanraje Pratapsinha Bhonsale,NCP,2014
45,Satara,257,Koregaon,Shrimant Chh. Udayanraje Pratapsinha Bhonsale,NCP,2014
43,Madha,258,Man,Mohite Patil Vijaysinh Shankarrao,NCP,2014
45,Satara,259, Karad Narth,Shrimant Chh. Udayanraje Pratapsinha Bhonsale,NCP,2014
45,Satara,260, Karad South,Shrimant Chh. Udayanraje Pratapsinha Bhonsale,NCP,2014
45,Satara,261,Patan,Shrimant Chh. Udayanraje Pratapsinha Bhonsale,NCP,2014
45,Satara,262, Satara,Shrimant Chh. Udayanraje Pratapsinha Bhonsale,NCP,2014
32,Raigad,263,Dapoli,Anant Geete,SHS,2014
32,Raigad,264,Guhagar,Tatkare Sunil Dattatrey,INC,2014
46,Ratnagiri-Sindhudurg,265,Chiplun,Vinayak Bhaurao Raut,SHS,2014
46,Ratnagiri-Sindhudurg,266,Ratnagiri,Vinayak Bhaurao Raut,SHS,2014
46,Ratnagiri-Sindhudurg,267,Rajapur,Vinayak Bhaurao Raut,SHS,2014
46,Ratnagiri-Sindhudurg,268,Kankavli,Vinayak Bhaurao Raut,SHS,2014
46,Ratnagiri-Sindhudurg,269,Kudal,Vinayak Bhaurao Raut,SHS,2014
46,Ratnagiri-Sindhudurg,270,Sawantwadi,Vinayak Bhaurao Raut,SHS,2014
47,Kolhapur,271,Chandgad,Sanjay Sadashiv Mandalik,SHS,2014
47,Kolhapur,272,Radhanagari,Dhananjay Bhimrao Mahadik,NCP,2014
47,Kolhapur,273,Kagal,Sanjay Sadashiv Mandalik,SHS,2014
47,Kolhapur,274,Kolhapur South,Dhananjay Bhimrao Mahadik,NCP,2014
47,Kolhapur,275,Karvir,Dhananjay Bhimrao Mahadik,NCP,2014
47,Kolhapur,276,Kolhapur North,Sanjay Sadashiv Mandalik,SHS,2014
48,Hatkanangle,277,Shahuwadi,Raju Shetty,Swabhimani Paksha,2014
48,Hatkanangle,278,Hatkanangle(SC),Raju Shetty,Swabhimani Paksha,2014
48,Hatkanangle,279,Ichalkaranji,Raju Shetty,Swabhimani Paksha,2014
48,Hatkanangle,280,Shirol,Raju Shetty,Swabhimani Paksha,2014
44,Sangli,281,Miraj (SC),Sanjaykaka Patil,BJP,2014
44,Sangli,282,Sangli,Sanjaykaka Patil,BJP,2014
48,Hatkanangle,283,Islampur,Raju Shetty,Swabhimani Paksha,2014
48,Hatkanangle,284,Shirala,Raju Shetty,Swabhimani Paksha,2014
44,Sangli,285,Palus-Kadegaon,Sanjaykaka Patil,BJP,2014
44,Sangli,286,Khanpur,Sanjaykaka Patil,BJP,2014
44,Sangli,287,Tasgaon-Kavathe Mahankal,Sanjaykaka Patil,BJP,2014
44,Sangli,288,Jat,Sanjaykaka Patil,BJP,2014
